<?xml version="1.0" encoding="UTF-8" ?>
<company>
    <record refId="1001">
        <name>faiez</name>
        <age>31</age>
        <dob>31/8/1982</dob>
        <income>200,000</income>
    </record>
    <record refId="1002">
        <name>amin</name>
        <age>30</age>
        <dob>26/7/1983</dob>
        <income>100,999</income>
    </record>
    <record refId="1003">
        <name>joel</name>
        <age>29</age>
        <dob>21/8/1984</dob>
        <income>1,000,000</income>
    </record>
    <record refId="1004">
        <name>leeyy</name>
        <age>29</age>
        <dob>21/3/1984</dob>
        <income>80,000.89</income>
    </record>
</company>